{"hive":{"mutas2":false,"beetypes":false,"rj":false,"feedtype":"Bitterberry","rjrarity":false,"stoprjgifted":false,"rjbeetypes":false,"amount":50,"giftedbasic":false,"mutations":false,"neonberry":false,"bee":false},"misc":{"bqbuy":false,"console":false,"bqbuyconf":false,"autossa2":false,"follow":false,"mvalues":false,"passive":"Pop Star","dapperslots":5,"automoon":false,"serverhop":false,"followfieldblacklist":false,"anonymous":false,"mboosts":false,"rolldouble":false,"passives2":false,"boosts":false,"mobiletoggle":false,"bqdel2":false,"custompatterns":false,"farmmultiplefields":false,"serverhopinterval":30,"autorejoin2":false,"bqdelconf":false},"combat":{"killLadybug":false,"values":false,"killmondochick":false,"crabmethod":"Walk","killkingbeetle":false,"killcrab":false,"babylove":false,"donatevials":false,"wlstingers":false,"killScorpion":false,"killtunnelbear":false,"craboil":false,"giftedvicious":false,"killWerewolf":false,"windymax":25,"viciousmin":1,"killMantis":false,"demonmask":false,"lootmondo":false,"killRhinoBeetle":false,"boosts":false,"keep":false,"killSpider":false,"amulet":false,"windymin":1,"killcommando":false,"viciousmax":12,"stingers":false,"starsaw":false,"killwindy":false,"wlstarsaw":false,"avoidmobs":true,"commandomethod":"Walk","killvicious":false,"killAphid":true,"mondoprep":false,"dmwhitelist":false,"mondopreptime":20,"commandohelp":false,"commandoshell":true,"mondochicktime":15},"dispensers":{"coconut":false,"blueberry":false,"royaljelly":false,"treat":false,"strawberry":false,"robopass":false,"glue":false,"honey":false,"antpass":false},"autoquest":{"planters":false,"feedbees":false,"windshrine":false,"rileybee":false,"ragetokens":true,"gummybear":false,"buckobee":false,"treats":false,"enabled":false,"memorymatch":true,"onett":false,"beebear":false,"blackbear2":false,"pollen":true,"sciencebear":false,"puffshrooms":true,"goomethod":"Gumdrops","levelbees":false,"sharebeans":false,"pandabear":false,"bestwhitefield":false,"bestredfield":false,"toys":true,"dapperbear":false,"brownbear":false,"ants":false,"blackbear":false,"polarbear":false,"mobs":true,"spiritbear":false,"rj":false,"honeybee":false,"motherbear":false,"craft":false,"bestbluefield":false,"xmas":false,"stickbug":false,"goo":true,"dupedtokens":false,"allowedplanters":false,"rjbl":false,"claim2":false},"face":{"balloons":false,"bubbles":false,"shiftlock":false,"gbubbles":false,"method":"Shift Lock","fires":false,"sldirection":"South","gballoons":false,"center":false},"convert":{"standInPreciseAt":75,"convertHiveBalloon":false,"instantType":false,"convertHoneyAt":100,"coconutAt":85,"convertHoney":true,"resetWhenConverting":false,"convert6xBubbleBloat":false,"festivegift":false,"autoHoneyMask":false,"alwaysConvertBalloon":false,"timeToWait":15,"coconut":false,"defaultMask":"Diamond Mask","standInPrecise":true,"useEnzymesBalloon":false,"convertField":false,"convertHiveBalloonAt":30,"waitBeforeConverting":false,"instantToggle":false},"boosters":{"min":1,"wanted":1,"required":false,"enabled2":false,"allowed":false,"fieldsblacklist":false},"vars":{"cannon":false,"sprinkler":"Basic Sprinkler","remote":false,"walkspeedenabled":false,"tweenspeed":6,"movement":"Walk","digmethod":"Autoclick","walkspeed":45,"jumpshortcuts":false,"walkspeed2":1.5,"walkdynamic":false},"sprouts":{"enabled":false,"plant":false,"plantday":false,"rarity3":false,"fieldsblacklist":false,"plantnight":false},"stickbug":{"circle":true,"amulet":false,"totem":true,"boosts":false,"tickets":false,"keep":false,"loot":false,"values":false,"enabled":false,"spawn":false},"webhook":{"console":false,"disconnectid":"","interval":5,"url":"","graphurl":"","stickers":false,"enabled":false,"graph":false,"beequips":false,"drives":false,"hidebranding":false,"questdone2":false,"items":false,"disconnect":false,"planters":true,"nectars":true,"balloon":false,"dappershop":false},"memorymatch":{"ghost4":false,"night":false,"ghost2":false,"basic":false,"ghost":false,"mega":false,"extreme":false,"blacklist":false},"rbc":{"passcooldown":0,"values":false,"upgrades":false,"mask":false,"rerollquests":false,"redtool":"Dark Scythe","bluemask":"Diamond Mask","cogconvert":true,"cogupgrades":true,"rerollupgrades":false,"materialsenabled":false,"buypass":false,"whitemask":"Gummy Mask","preset":"Blue","disableroundend":false,"stoproundend":false,"whitetool":"Gummyballer","highestcogmax":10,"maxround":15,"highestcog":false,"precise":false,"rerollbees":false,"boosts":false,"bestredfield":false,"bestbluefield":false,"keep":true,"tool":false,"amulet":true,"bluetool":"Tide Popper","redmask":"Demon Mask","goomethod":"Gumdrops","bestwhitefield":false,"usedrives":false,"buydrives":false,"materials":false,"rerollmin":10,"upgradesenabled":false,"goldcogmowers":true,"enabled":false,"precisemin":5},"beesmas":{"candles":false,"snowmachine":false,"snowflakeAt":95,"beesmasfeast":false,"snowflake":false,"honeymaskforwreath":false,"gingerbreadhouse":false,"partyspawn":false,"samovar":false,"roboparty":false,"partymobsbl2":false,"stockings":false,"coolbreeze":false,"wintermm":false,"onettlidart":false,"snowbear":false},"toys":{"windshrine":false,"conversions":2,"stickerprinter":false,"stackselect":false,"sproutsummoner":false,"meteor":false,"honeystorm":false,"discardselect":false,"stickerstacker":false,"intwhitelist":false,"enabled":false,"wealthclock":false,"route":false,"hiddenstickers":false,"interrupt":true,"discardstickers":false,"shrineamount":1,"printereggs":false,"stackmethod":"Tickets","windsblacklist":false,"farmwinds":false,"nectarcondenser":false,"prog":false,"nectars":false,"progblender":true,"shrineitem":""},"detected":{"rares":false,"fastcoconuttween":false,"fastshowertween":false,"fastraretween":false},"snail":{"enabled":false,"keep":false,"amulet":false,"boosts":false,"values":false},"materials":{"enabled":false,"starsaw":false,"scorchingstar":false,"enabled2":false,"interval":false,"gummystar":false,"intervaltime":false,"popstar":false},"puffshrooms":{"enabled":false,"rarity":"Common","max":15,"maintain":false,"highlvlpriority":false,"mintime":30,"min":1,"blacklistedfields":false,"priorityfields":false},"planters":{"manual":{"farmfield":false,"planter3":{"harvestatpercentage":true,"plant":false,"ignoresmoking":false,"lastfield":false,"field2":"None","field1":"Dandelion Field","field4":"None","harvestat":100,"planter":"Plastic Planter","timetoharvest":4,"field3":"None","harvestaftertime":false,"harvest":false},"planter2":{"harvestatpercentage":true,"plant":false,"ignoresmoking":false,"lastfield":false,"field2":"None","field1":"Dandelion Field","field4":"None","harvestat":100,"planter":"Plastic Planter","timetoharvest":4,"field3":"None","harvestaftertime":false,"harvest":false},"planter1":{"harvestatpercentage":true,"plant":false,"ignoresmoking":false,"lastfield":false,"field2":"None","field1":"Dandelion Field","field4":"None","harvestat":100,"planter":"Plastic Planter","timetoharvest":4,"field3":"None","harvestaftertime":false,"harvest":false}},"method":"Manual","cycles":{"cycle2":{"planter2":{"field":"Dandelion Field","planter":"None"},"timetoharvest":2,"harvestat":100,"ignoresmoking":false,"harvestatpercentage":true,"planter3":{"field":"Dandelion Field","planter":"None"},"harvestaftertime":false,"planter1":{"field":"Dandelion Field","planter":"None"}},"cycle4":{"planter2":{"field":"Dandelion Field","planter":"None"},"timetoharvest":2,"harvestat":100,"ignoresmoking":false,"harvestatpercentage":true,"planter3":{"field":"Dandelion Field","planter":"None"},"harvestaftertime":false,"planter1":{"field":"Dandelion Field","planter":"None"}},"cycle1":{"planter2":{"field":"Dandelion Field","planter":"None"},"timetoharvest":2,"harvestat":100,"ignoresmoking":false,"harvestatpercentage":true,"planter3":{"field":"Dandelion Field","planter":"None"},"harvestaftertime":false,"planter1":{"field":"Dandelion Field","planter":"None"}},"started":false,"lastcycle":false,"cycle3":{"planter2":{"field":"Dandelion Field","planter":"None"},"timetoharvest":2,"harvestat":100,"ignoresmoking":false,"harvestatpercentage":true,"planter3":{"field":"Dandelion Field","planter":"None"},"harvestaftertime":false,"planter1":{"field":"Dandelion Field","planter":"None"}}},"rewards":{"enabled":false,"swirledwax":false,"causticwaxp":false,"smoothie":false,"causticwax":false,"swirledwaxp":false},"enabled":false,"nectar":{"satisfying":false,"ignoresmoking":false,"invigoratinglastfield":"","motivatingp":2,"motivating":false,"satisfyinglastfield":"","invigorating":false,"comforting":false,"harvestat":100,"invigoratingmin2":16,"refreshingp":4,"comfortinglastfield":"","harvestaftertime":true,"timetoharvest":2,"farmfield":false,"motivatinglastfield":"","blacklistedfields":false,"refreshingmin2":16,"satisfyingmin2":16,"preset":"Custom","motivatingmin2":16,"refreshing":false,"invigoratingp":5,"refreshinglastfield":"","satisfyingp":3,"ignorefielddeg":true,"harvestatpercentage":false,"comfortingp":1,"comfortingmin2":16,"allowedplanters":false}},"ant":{"enabled":false,"keep":false,"amulet":false,"boosts":false,"values":false,"antpass":false},"autofarm":{"patternblacklist":false,"smileytime":4,"farmshowers":true,"badgebl":false,"farmfires":false,"farmbadges":false,"guidingfieldblacklist":false,"enabled":false,"autosprinkler":false,"farmcoconuts":true,"farmprecisemark":true,"prioritytokens":false,"patternstart":"Center","scorchingscore":0,"farmfireflies":false,"badgep":"Lowest Pollen Needed","autopopstar":true,"farmprecise":true,"farmtriangulate":false,"autoscorchingstar":true,"farmdupedtokens":true,"pattern":"CornerXSnake","farmfuzzbombs":false,"farmcombococonuts":true,"farmbubbles":false,"autogummystar":true,"farmmeteorshowers":false,"ignorehoneytokens":false,"field3":"None","badgesclaim":false,"dupedtokens":false,"autoguidingstar":false,"farmmarks":false,"farmpuppyball":true,"farmposition":false,"farmposenabled":false,"farmballoons2":false,"farmclouds":true,"field2":"None","field1":"Dandelion Field","sprinklerpos":"Center","combofield":false,"comboamount":0,"farmleaves":false,"patternenabled":false,"autodig":false,"fieldinterval":10},"antilag":{"textures":false,"precise":false,"flowers":false,"main":false,"bssui":false,"players":false,"norender":false,"tokens":false,"decorations":false,"bees":false,"stations":false,"particles":false,"balloons":false}}